,date,open,high,low,close,Adj Close,volume
0,2019-12-19,8598.0,8655.5,8580.25,8642.5,8642.5,65776
1,2019-12-20,8651.0,8707.4599609375,8638.25,8707.4599609375,8707.4599609375,307870
2,2019-12-23,8710.75,8743.25,8707.5,8726.5,8726.5,194915
3,2019-12-24,8728.25,8736.0,8707.0,8729.5,8729.5,106029
4,2019-12-26,8730.25,8805.0,8729.0,8804.25,8804.25,170684
5,2019-12-27,8801.0,8843.5,8769.0,8783.25,8783.25,322888
6,2019-12-30,8783.5,8809.75,8691.25,8733.75,8733.75,404047
7,2019-12-31,8731.75,8772.25,8692.25,8752.25,8752.25,284519
8,2020-01-02,8776.75,8901.5,8769.5,8891.75,8891.75,416637
9,2020-01-03,8895.5,8907.25,8735.25,8810.0,8810.0,599887
10,2020-01-06,8772.25,8873.0,8723.0,8847.5,8847.5,469514
11,2020-01-07,8853.25,8894.75,8825.75,8853.0,8853.0,510004
12,2020-01-08,8841.5,8972.25,8678.0,8944.5,8944.5,723085
13,2020-01-09,8948.75,9022.25,8932.5,9009.0,9009.0,457262
14,2020-01-10,9010.0,9055.5,8966.25,8978.25,8978.25,472166
15,2020-01-13,8979.0,9095.5,8979.0,9088.25,9088.25,380440
16,2020-01-14,9087.75,9114.75,9035.0,9062.5,9062.5,553343
17,2020-01-15,9062.0,9096.0,9023.0,9060.0,9060.0,497100
18,2020-01-16,9061.75,9140.25,9061.5,9133.5,9133.5,397881
19,2020-01-17,9137.0,9189.25,9130.0,9174.5,9174.5,438669
20,2020-01-21,9174.0,9199.75,9114.75,9169.75,9169.75,532160
21,2020-01-22,9179.5,9254.0,9174.25,9195.75,9195.75,519015
22,2020-01-23,9190.0,9253.5,9151.75,9248.25,9248.25,616950
23,2020-01-24,9252.0,9287.25,9109.5,9144.5,9144.5,758796
24,2020-01-27,9077.0,9077.0,8925.5,8954.5,8954.5,792705
25,2020-01-28,8952.5,9136.25,8952.5,9105.25,9105.25,632550
26,2020-01-29,9119.5,9158.75,9072.25,9098.5,9098.5,578408
27,2020-01-30,9111.25,9240.0,9003.5,9216.25,9216.25,846585
28,2020-01-31,9226.5,9248.75,8966.0,8997.75,8997.75,898384
29,2020-02-03,8982.75,9155.75,8975.0,9114.25,9114.25,680726
30,2020-02-04,9099.0,9369.25,9073.0,9355.0,9355.0,563913
31,2020-02-05,9357.0,9462.75,9317.75,9381.5,9381.5,729548
32,2020-02-06,9390.0,9464.0,9362.5,9455.5,9455.5,545054
33,2020-02-07,9467.0,9471.0,9385.0,9409.5,9409.5,592695
34,2020-02-10,9401.5,9531.5,9330.75,9527.5,9527.5,500147
35,2020-02-11,9525.0,9609.5,9501.25,9527.25,9527.25,589570
36,2020-02-12,9536.25,9628.25,9523.75,9625.75,9625.75,454472
37,2020-02-13,9621.5,9644.75,9511.25,9613.0,9613.0,613580
38,2020-02-14,9626.25,9659.25,9588.0,9632.25,9632.25,489387
39,2020-02-18,9635.0,9687.5,9534.25,9636.0,9636.0,668505
40,2020-02-19,9643.25,9748.75,9641.25,9733.5,9733.5,419130
41,2020-02-20,9744.75,9763.0,9517.0,9624.25,9624.25,802424
42,2020-02-21,9617.25,9623.75,9411.5,9458.0,9458.0,911839
43,2020-02-24,9355.25,9365.0,9041.25,9091.0,9091.0,1171879
44,2020-02-25,9091.0,9224.25,8810.0,8854.25,8854.25,1344897
45,2020-02-26,8868.25,9037.5,8709.5,8850.25,8850.25,1251412
46,2020-02-27,8811.5,8878.5,8334.25,8382.75,8382.75,1580041
47,2020-02-28,8347.0,8574.75,8126.25,8454.0,8454.0,1527204
48,2020-03-02,8349.25,8883.25,8224.25,8791.25,8791.25,1373357
49,2020-03-03,8830.5,9002.5,8511.0,8582.5,8582.5,1295648
50,2020-03-04,8557.5,8950.0,8508.25,8896.5,8896.5,939032
51,2020-03-05,8889.0,8899.75,8610.75,8648.75,8648.75,954104
52,2020-03-06,8677.0,8726.5,8310.5,8503.25,8503.25,1097279
53,2020-03-09,8369.0,8375.0,7820.0,7951.5,7951.5,560913
54,2020-03-10,7893.75,8378.75,7814.25,8331.5,8331.5,982070
55,2020-03-11,8317.0,8334.25,7892.75,8003.5,8003.5,990236
56,2020-03-12,7998.75,8108.0,7128.5,7215.25,7215.25,876291
57,2020-03-13,7100.0,7978.0,6942.5,7915.75,7915.75,584274
58,2020-03-16,7903.0,7905.25,6927.0,7057.5,7057.5,307368
59,2020-03-17,7053.0,7552.25,6948.75,7405.25,7405.25,317501
60,2020-03-18,7386.0,7392.25,6830.0,7225.25,7225.25,156283
61,2020-03-19,7251.75,7521.5,6894.25,7293.5,7293.5,115519
62,2020-03-20,7195.0,7649.0,7153.5,7417.97998046875,7417.97998046875,562616
63,2020-03-23,6798.0,7316.25,6628.75,6984.5,6984.5,633237
64,2020-03-24,7005.75,7572.25,7005.75,7554.75,7554.75,556553
65,2020-03-25,7544.75,7761.0,7371.5,7467.75,7467.75,656698
66,2020-03-26,7483.5,7893.5,7310.25,7844.0,7844.0,567711
67,2020-03-27,7882.75,7893.25,7551.25,7568.5,7568.5,443315
68,2020-03-30,7395.75,7884.0,7365.0,7854.75,7854.75,419576
69,2020-03-31,7856.75,7995.0,7747.5,7786.25,7786.25,424386
70,2020-04-01,7772.5,7773.5,7404.25,7438.75,7438.75,411364
71,2020-04-02,7473.5,7656.25,7376.0,7627.25,7627.25,436829
72,2020-04-03,7623.0,7660.25,7423.5,7522.75,7522.75,351874
73,2020-04-06,7535.75,8099.0,7535.5,8029.75,8029.75,396874
74,2020-04-07,8034.25,8303.25,7948.0,8012.0,8012.0,531043
75,2020-04-08,8015.0,8242.0,7953.25,8189.75,8189.75,424380
76,2020-04-09,8195.25,8326.25,8101.75,8227.5,8227.5,522648
77,2020-04-13,8296.0,8338.75,8073.25,8327.25,8327.25,385072
78,2020-04-14,8337.0,8710.0,8319.0,8692.5,8692.5,431916
79,2020-04-15,8706.25,8707.5,8486.5,8594.0,8594.0,407752
80,2020-04-16,8576.0,8842.5,8500.5,8734.25,8734.25,539163
81,2020-04-17,8909.75,8966.75,8689.5,8809.0,8809.0,509555
82,2020-04-20,8799.5,8846.0,8687.0,8692.0,8692.0,427981
83,2020-04-21,8695.0,8763.0,8342.0,8431.75,8431.75,582449
84,2020-04-22,8447.0,8700.0,8400.0,8638.0,8638.0,373067
85,2020-04-23,8636.25,8786.5,8580.5,8598.75,8598.75,435112
86,2020-04-24,8588.25,8780.25,8498.25,8769.0,8769.0,380231
87,2020-04-27,8766.0,8898.0,8730.0,8824.25,8824.25,355545
88,2020-04-28,8819.0,8945.75,8654.5,8719.75,8719.75,440939
89,2020-04-29,8759.25,9118.75,8733.75,9036.5,9036.5,432414
90,2020-04-30,9109.5,9144.75,8856.5,8988.5,8988.5,462961
91,2020-05-01,8847.0,8879.0,8672.0,8718.0,8718.0,414560
92,2020-05-04,8624.0,8828.0,8556.25,8795.5,8795.5,381914
93,2020-05-05,8806.25,9020.0,8798.5,8924.25,8924.25,367233
94,2020-05-06,8928.5,9056.5,8877.75,8952.0,8952.0,414045
95,2020-05-07,8947.5,9126.0,8930.25,9107.75,9107.75,383884
96,2020-05-08,9115.0,9238.0,9103.25,9218.25,9218.25,362315
97,2020-05-11,9194.75,9339.0,9118.5,9279.0,9279.0,398142
98,2020-05-12,9282.0,9345.5,9040.5,9078.25,9078.25,500539
99,2020-05-13,9045.75,9202.75,8878.25,8992.25,8992.25,703290
100,2020-05-14,9012.75,9104.0,8847.0,9079.5,9079.5,639071
101,2020-05-15,9085.5,9148.5,8925.5,9096.5,9096.5,537250
102,2020-05-18,9135.0,9361.5,9110.25,9325.5,9325.5,398562
103,2020-05-19,9316.25,9417.25,9283.75,9300.75,9300.75,392499
104,2020-05-20,9289.75,9498.0,9273.0,9485.5,9485.5,369922
105,2020-05-21,9494.75,9510.75,9352.0,9355.75,9355.75,429220
106,2020-05-22,9360.5,9422.5,9241.5,9406.25,9406.25,365377
107,2020-05-26,9396.25,9604.0,9373.0,9406.5,9406.5,486546
108,2020-05-27,9409.0,9508.0,9172.5,9432.5,9432.5,560524
109,2020-05-28,9436.5,9565.5,9320.5,9460.25,9460.25,510617
110,2020-05-29,9453.5,9590.5,9372.0,9560.25,9560.25,529700
111,2020-06-01,9513.0,9605.75,9450.25,9595.0,9595.0,345593
112,2020-06-02,9590.0,9670.0,9504.75,9647.75,9647.75,389908
113,2020-06-03,9657.5,9728.25,9635.5,9684.75,9684.75,376694
114,2020-06-04,9685.5,9742.5,9572.25,9626.25,9626.25,462358
115,2020-06-05,9643.5,9846.25,9601.75,9808.5,9808.5,513656
116,2020-06-08,9819.0,9901.0,9747.0,9884.75,9884.75,391647
117,2020-06-09,9887.25,10005.25,9811.5,9951.0,9951.0,437442
118,2020-06-10,9960.0,10155.5,9958.5,10087.25,10087.25,557713
119,2020-06-11,10086.25,10107.0,9584.5,9616.75,9616.75,828944
120,2020-06-12,9616.0,9849.25,9494.75,9645.0,9645.0,508840
121,2020-06-15,9536.75,9815.5,9381.75,9800.5,9800.5,319211
122,2020-06-16,9812.5,10013.75,9797.75,9972.5,9972.5,216305
123,2020-06-17,9961.75,10059.0,9927.0,9994.5,9994.5,100473
124,2020-06-18,9995.25,10040.75,9879.5,9995.75,9995.75,67457
125,2020-06-19,9997.25,10123.25,9997.25,10120.83984375,10120.83984375,518436
126,2020-06-22,9868.0,10134.5,9843.5,10124.75,10124.75,354768
127,2020-06-23,10121.5,10296.25,9972.25,10196.0,10196.0,406477
128,2020-06-24,10183.0,10242.0,9927.25,10010.75,10010.75,661645
129,2020-06-25,10005.25,10107.0,9885.5,10088.25,10088.25,514249
130,2020-06-26,10087.0,10120.5,9824.25,9865.5,9865.5,576150
131,2020-06-29,9785.5,9997.0,9728.75,9973.75,9973.75,479544
132,2020-06-30,9983.0,10171.5,9940.25,10147.25,10147.25,422348
133,2020-07-01,10141.0,10310.0,10076.0,10268.75,10268.75,402791
134,2020-07-02,10258.5,10422.25,10246.5,10355.75,10355.75,404764
135,2020-07-06,10352.0,10614.5,10308.75,10598.5,10598.5,486369
136,2020-07-07,10600.0,10694.5,10505.75,10532.25,10532.25,465212
137,2020-07-08,10526.0,10673.0,10505.25,10662.25,10662.25,481023
138,2020-07-09,10674.25,10774.25,10560.0,10727.5,10727.5,607385
139,2020-07-10,10727.0,10847.5,10625.5,10837.25,10837.25,527570
140,2020-07-13,10848.25,11058.5,10561.5,10600.0,10600.0,736178
141,2020-07-14,10602.0,10693.0,10358.75,10646.25,10646.25,915009
142,2020-07-15,10706.0,10766.5,10551.25,10683.25,10683.25,719947
143,2020-07-16,10693.0,10698.25,10475.5,10511.75,10511.75,628898
144,2020-07-17,10532.25,10669.75,10523.75,10622.5,10622.5,443143
145,2020-07-20,10621.25,10964.5,10546.25,10951.0,10951.0,496402
146,2020-07-21,10952.25,11058.0,10784.75,10851.0,10851.0,587994
147,2020-07-22,10850.75,10916.25,10761.25,10804.25,10804.25,483851
148,2020-07-23,10850.0,10938.5,10514.5,10548.25,10548.25,644189
149,2020-07-24,10565.5,10597.0,10301.0,10459.0,10459.0,652482
150,2020-07-27,10490.0,10684.0,10401.0,10675.25,10675.25,444802
151,2020-07-28,10682.5,10758.5,10514.0,10540.0,10540.0,445252
152,2020-07-29,10558.0,10699.75,10512.25,10674.25,10674.25,368010
153,2020-07-30,10700.0,10897.25,10502.75,10794.0,10794.0,521157
154,2020-07-31,10906.5,10939.0,10691.0,10890.5,10890.5,631553
155,2020-08-03,10933.25,11073.0,10876.25,11044.25,11044.25,389622
156,2020-08-04,11054.0,11094.75,10983.0,11086.0,11086.0,395698
157,2020-08-05,11080.5,11144.0,11055.75,11091.75,11091.75,348822
158,2020-08-06,11094.0,11271.75,11051.25,11261.25,11261.25,420437
159,2020-08-07,11260.5,11283.25,11035.25,11122.75,11122.75,532554
160,2020-08-10,11140.25,11156.5,10928.25,11072.0,11072.0,485730
161,2020-08-11,11072.25,11157.75,10845.5,10878.5,10878.5,561748
162,2020-08-12,10928.5,11185.75,10878.5,11126.0,11126.0,434240
163,2020-08-13,11115.5,11266.0,11094.25,11175.25,11175.25,413661
164,2020-08-14,11180.5,11237.75,11096.0,11133.75,11133.75,398616
165,2020-08-17,11145.0,11300.5,11142.25,11286.75,11286.75,246403
166,2020-08-18,11285.5,11415.25,11268.0,11409.25,11409.25,326816
167,2020-08-19,11414.25,11438.0,11299.0,11332.0,11332.0,410893
168,2020-08-20,11327.0,11496.5,11221.5,11477.25,11477.25,401137
169,2020-08-21,11480.0,11573.5,11407.0,11562.0,11562.0,414226
170,2020-08-24,11581.0,11722.5,11528.25,11636.25,11636.25,617004
171,2020-08-25,11636.0,11742.25,11574.75,11726.25,11726.25,495891
172,2020-08-26,11739.5,12001.5,11726.75,11991.25,11991.25,578801
173,2020-08-27,11984.5,12046.0,11834.75,11952.75,11952.75,709346
174,2020-08-28,11953.25,12018.25,11920.5,11991.75,11991.75,489066
175,2020-08-31,12002.75,12165.0,11988.25,12114.0,12114.0,480979
176,2020-09-01,12109.75,12328.75,12093.0,12312.5,12312.5,518997
177,2020-09-02,12325.5,12465.25,12172.25,12411.5,12411.5,725395
178,2020-09-03,12408.5,12438.75,11658.5,11800.5,11800.5,931583
179,2020-09-04,11745.0,11843.0,11142.0,11548.75,11548.75,1202274
180,2020-09-08,11531.0,11585.0,11040.5,11060.5,11060.5,1012392
181,2020-09-09,11006.0,11478.75,10935.25,11392.75,11392.75,720954
182,2020-09-10,11377.75,11566.75,11088.0,11178.25,11178.25,885270
183,2020-09-11,11187.0,11356.25,10937.5,11061.5,11061.5,495802
184,2020-09-14,11104.0,11362.75,11104.0,11280.5,11280.5,322360
185,2020-09-15,11278.5,11495.5,11247.75,11464.25,11464.25,224404
186,2020-09-16,11467.5,11550.0,11237.5,11268.75,11268.75,167828
187,2020-09-17,11269.5,11302.5,10918.75,11090.0,11090.0,157390
188,2020-09-18,11082.0,11179.25,11037.25,11144.8095703125,11144.8095703125,800279
189,2020-09-21,10920.0,11009.75,10656.5,10989.0,10989.0,727984
190,2020-09-22,10966.25,11191.0,10897.5,11149.5,11149.5,573572
191,2020-09-23,11160.5,11222.0,10786.0,10829.0,10829.0,656111
192,2020-09-24,10803.5,11011.75,10660.25,10891.75,10891.75,791934
193,2020-09-25,10914.25,11166.25,10813.75,11136.5,11136.5,600725
194,2020-09-28,11145.0,11404.0,11140.25,11394.75,11394.75,568217
195,2020-09-29,11388.0,11448.75,11289.5,11337.75,11337.75,444170
196,2020-09-30,11321.0,11526.0,11167.0,11407.25,11407.25,647968
197,2020-10-01,11375.0,11599.25,11375.0,11574.75,11574.75,580589
198,2020-10-02,11566.75,11604.75,11204.5,11233.25,11233.25,806629
199,2020-10-05,11308.5,11497.5,11267.5,11469.25,11469.25,398444
200,2020-10-06,11473.0,11524.5,11197.5,11273.75,11273.75,612278
201,2020-10-07,11220.5,11506.5,11208.0,11470.0,11470.0,443046
202,2020-10-08,11473.25,11578.75,11469.75,11539.0,11539.0,403379
203,2020-10-09,11562.0,11739.0,11552.5,11724.75,11724.75,408445
204,2020-10-12,11722.75,12197.0,11687.75,12098.25,12098.25,756438
205,2020-10-13,12100.0,12249.0,12019.0,12094.0,12094.0,754735
206,2020-10-14,12079.75,12178.0,11901.75,11974.25,11974.25,597198
207,2020-10-15,11950.0,11983.25,11736.5,11874.0,11874.0,595926
208,2020-10-16,11891.0,12022.0,11792.0,11798.0,11798.0,527026
209,2020-10-19,11816.75,11950.5,11591.25,11650.25,11650.25,623203
210,2020-10-20,11697.5,11792.0,11598.5,11660.75,11660.75,622702
211,2020-10-21,11675.25,11779.25,11585.0,11691.25,11691.25,599851
212,2020-10-22,11683.5,11724.0,11511.0,11649.75,11649.75,583669
213,2020-10-23,11669.25,11691.75,11551.0,11663.5,11663.5,501243
214,2020-10-26,11634.0,11695.5,11343.25,11492.25,11492.25,674142
215,2020-10-27,11499.5,11623.0,11478.25,11588.0,11588.0,551642
216,2020-10-28,11558.5,11566.75,11123.75,11132.75,11132.75,749420
217,2020-10-29,11180.5,11457.75,11145.0,11342.75,11342.75,606325
218,2020-10-30,11213.25,11281.25,10944.5,11046.25,11046.25,801978
219,2020-11-02,11034.5,11212.0,10942.25,11063.25,11063.25,602651
220,2020-11-03,11074.75,11347.0,11064.5,11265.75,11265.75,509496
221,2020-11-04,11264.0,11843.75,11230.25,11763.0,11763.0,842617
222,2020-11-05,11830.0,12119.5,11771.25,12076.5,12076.5,578443
223,2020-11-06,12088.5,12109.0,11868.25,12075.0,12075.0,552483
224,2020-11-09,12139.25,12408.75,11812.25,11820.5,11820.5,731881
225,2020-11-10,11863.5,11901.5,11503.25,11618.25,11618.25,834533
226,2020-11-11,11632.25,11917.75,11575.25,11886.0,11886.0,546218
227,2020-11-12,11898.5,11975.75,11775.75,11820.0,11820.0,554930
228,2020-11-13,11857.0,11952.75,11801.75,11933.5,11933.5,445512
229,2020-11-16,11957.25,12065.0,11851.75,12005.0,12005.0,471101
230,2020-11-17,12061.25,12096.25,11953.75,11975.0,11975.0,401505
231,2020-11-18,11972.0,12027.5,11861.5,11897.0,11897.0,475826
232,2020-11-19,11876.0,12000.0,11804.5,11987.25,11987.25,421691
233,2020-11-20,11960.0,12021.0,11873.5,11905.75,11905.75,358180
234,2020-11-23,11894.0,12001.75,11808.25,11905.25,11905.25,425777
235,2020-11-24,11909.75,12104.5,11872.75,12076.0,12076.0,401635
236,2020-11-25,12098.5,12177.75,12077.5,12152.25,12152.25,386232
237,2020-11-27,12168.25,12307.5,12127.0,12257.5,12257.5,296828
238,2020-11-30,12286.5,12337.25,12086.0,12277.0,12277.0,493064
239,2020-12-01,12336.0,12512.25,12312.0,12452.25,12452.25,464023
240,2020-12-02,12456.25,12473.5,12312.5,12454.25,12454.25,400405
241,2020-12-03,12472.0,12540.25,12444.0,12462.25,12462.25,376884
242,2020-12-04,12487.0,12535.75,12448.5,12526.0,12526.0,321796
243,2020-12-07,12525.0,12612.25,12474.75,12596.0,12596.0,323774
244,2020-12-08,12574.0,12652.5,12502.0,12637.5,12637.5,365422
245,2020-12-09,12657.25,12675.0,12306.75,12367.0,12367.0,635769
246,2020-12-10,12342.75,12449.0,12218.25,12402.0,12402.0,529843
247,2020-12-11,12391.0,12414.25,12234.25,12368.0,12368.0,361860
248,2020-12-14,12405.5,12545.0,12386.5,12456.5,12456.5,296143
249,2020-12-15,12460.5,12604.75,12417.0,12591.75,12591.75,223263
250,2020-12-16,12599.5,12699.75,12567.75,12665.25,12665.25,153920
251,2020-12-17,12677.0,12766.25,12667.5,12751.0,12751.0,84472
252,2020-12-18,12744.25,12823.0,12708.0,12800.0595703125,12800.0595703125,460979
253,2020-12-21,12760.0,12782.5,12461.0,12683.5,12683.5,606583
254,2020-12-22,12698.25,12760.0,12593.5,12710.0,12710.0,457270
255,2020-12-23,12704.75,12738.75,12623.5,12651.25,12651.25,358011
256,2020-12-24,12660.75,12724.0,12631.5,12704.5,12704.5,173464
257,2020-12-28,12676.25,12855.5,12655.25,12832.75,12832.75,346691
258,2020-12-29,12845.25,12918.25,12808.25,12841.0,12841.0,393995
259,2020-12-30,12860.75,12909.75,12820.5,12841.5,12841.5,334304
260,2020-12-31,12840.0,12896.0,12796.5,12885.5,12885.5,280573
261,2021-01-04,12889.0,12959.75,12522.5,12685.5,12685.5,650472
262,2021-01-05,12682.75,12809.0,12612.0,12793.5,12793.5,483173
263,2021-01-06,12800.25,12844.25,12491.25,12616.75,12616.75,755618
264,2021-01-07,12658.5,12959.0,12646.5,12928.0,12928.0,435939
265,2021-01-08,12927.0,13125.0,12919.0,13097.25,13097.25,508107
266,2021-01-11,13093.25,13105.25,12871.75,12897.0,12897.0,454751
267,2021-01-12,12910.75,12959.0,12767.25,12890.25,12890.25,461733
268,2021-01-13,12882.5,13003.0,12820.75,12972.25,12972.25,416295
269,2021-01-14,12975.5,13028.75,12881.0,12901.0,12901.0,417583
270,2021-01-15,12909.0,12931.25,12743.5,12802.25,12802.25,539769
271,2021-01-19,12774.25,13032.75,12727.0,12985.5,12985.5,481603
272,2021-01-20,13030.0,13327.0,13017.0,13294.25,13294.25,438765
273,2021-01-21,13288.5,13423.5,13283.25,13395.5,13395.5,421922
274,2021-01-22,13394.0,13402.25,13300.25,13361.5,13361.5,407706
275,2021-01-25,13370.0,13554.5,13189.0,13475.5,13475.5,663844
276,2021-01-26,13459.75,13599.75,13380.25,13485.5,13485.5,502390
277,2021-01-27,13551.0,13586.5,12884.75,13105.5,13105.5,786471
278,2021-01-28,13052.5,13394.0,12906.25,13186.0,13186.0,623570
279,2021-01-29,13156.0,13188.0,12829.0,12911.25,12911.25,738848
280,2021-02-01,12849.0,13271.5,12727.25,13236.5,13236.5,549549
281,2021-02-02,13232.5,13509.75,13230.5,13449.0,13449.0,491671
282,2021-02-03,13506.0,13584.5,13386.75,13394.25,13394.25,499098
283,2021-02-04,13429.5,13568.75,13345.25,13547.5,13547.5,408023
284,2021-02-05,13560.0,13638.5,13519.5,13598.0,13598.0,431935
285,2021-02-08,13623.75,13693.0,13596.0,13683.0,13683.0,393927
286,2021-02-09,13683.5,13735.25,13634.0,13680.25,13680.25,367116
287,2021-02-10,13698.0,13769.25,13516.75,13643.5,13643.5,552643
288,2021-02-11,13662.0,13743.75,13612.5,13729.0,13729.0,495131
289,2021-02-12,13711.25,13820.75,13646.0,13804.75,13804.75,392927
290,2021-02-16,13829.5,13900.5,13716.0,13767.75,13767.75,604657
291,2021-02-17,13758.25,13785.0,13543.0,13699.75,13699.75,583565
292,2021-02-18,13699.5,13723.25,13468.0,13633.0,13633.0,574576
293,2021-02-19,13638.25,13729.0,13534.75,13576.0,13576.0,535194
294,2021-02-22,13585.0,13629.0,13215.0,13224.25,13224.25,648527
295,2021-02-23,13227.0,13335.75,12757.25,13192.0,13192.0,873273
296,2021-02-24,13170.75,13334.0,12958.0,13302.0,13302.0,673353
297,2021-02-25,13304.75,13353.75,12764.0,12831.75,12831.75,894521
298,2021-02-26,12802.5,13089.5,12662.25,12911.0,12911.0,841911
299,2021-03-01,12957.5,13318.0,12946.25,13279.75,13279.75,513852
300,2021-03-02,13312.25,13328.25,13048.25,13055.25,13055.25,563138
301,2021-03-03,13061.25,13192.0,12663.25,12681.75,12681.75,756448
302,2021-03-04,12682.0,12797.0,12306.5,12455.0,12455.0,1049493
303,2021-03-05,12435.0,12697.75,12207.25,12663.75,12663.75,1016317
304,2021-03-08,12715.0,12761.25,12281.75,12297.25,12297.25,749028
305,2021-03-09,12345.75,12867.5,12326.0,12788.75,12788.75,644022
306,2021-03-10,12812.0,12993.25,12703.0,12749.25,12749.25,715961
307,2021-03-11,12795.25,13119.25,12724.25,13048.25,13048.25,526139
308,2021-03-12,13055.0,13095.0,12768.25,12933.5,12933.5,476352
309,2021-03-15,12950.0,13099.0,12872.0,13078.5,13078.5,297629
310,2021-03-16,13084.75,13298.0,13056.5,13151.5,13151.5,240942
311,2021-03-17,13174.75,13283.25,12946.5,13201.5,13201.5,202697
312,2021-03-18,13200.5,13279.0,12777.5,12795.5,12795.5,121108
313,2021-03-19,12818.25,12919.0,12732.75,12808.759765625,12808.759765625,641117
314,2021-03-22,12807.0,13157.0,12788.5,13071.75,13071.75,478667
315,2021-03-23,13069.0,13172.0,12979.0,13006.25,13006.25,604250
316,2021-03-24,13050.25,13145.25,12784.0,12794.0,12794.0,626538
317,2021-03-25,12803.0,12859.5,12609.75,12770.5,12770.5,745797
318,2021-03-26,12799.75,12988.5,12676.25,12966.75,12966.75,622214
319,2021-03-29,12975.75,13003.0,12807.5,12944.5,12944.5,574193
320,2021-03-30,12975.0,12984.0,12776.5,12878.25,12878.25,516408
321,2021-03-31,12894.75,13158.0,12858.25,13089.75,13089.75,478398
322,2021-04-01,13094.5,13332.5,13090.25,13316.0,13316.0,436489
323,2021-04-05,13339.0,13615.0,13304.25,13585.5,13585.5,356725
324,2021-04-06,13603.75,13655.0,13524.25,13570.0,13570.0,457218
325,2021-04-07,13580.5,13641.0,13512.5,13604.75,13604.75,434828
326,2021-04-08,13620.75,13789.75,13615.5,13747.75,13747.75,435060
327,2021-04-09,13786.5,13841.75,13648.25,13829.5,13829.5,494768
328,2021-04-12,13817.75,13832.25,13732.0,13808.75,13808.75,453968
329,2021-04-13,13825.0,13994.0,13772.75,13975.75,13975.75,485938
330,2021-04-14,13977.75,14029.0,13772.75,13798.75,13798.75,662204
331,2021-04-15,13827.0,14034.25,13789.25,14014.0,14014.0,524814
332,2021-04-16,14002.0,14059.5,13952.75,14029.5,14029.5,500612
333,2021-04-19,13989.0,14052.25,13821.0,13897.25,13897.25,613719
334,2021-04-20,13900.0,13933.75,13719.25,13794.25,13794.25,606019
335,2021-04-21,13740.0,13926.5,13700.5,13919.25,13919.25,510093
336,2021-04-22,13896.5,13944.75,13701.75,13750.25,13750.25,623942
337,2021-04-23,13757.0,13981.0,13737.0,13927.0,13927.0,450885
338,2021-04-26,13919.75,14039.25,13865.5,14011.5,14011.5,403664
339,2021-04-27,14024.75,14050.0,13912.5,13953.0,13953.0,412801
340,2021-04-28,13955.5,13993.5,13878.0,13892.25,13892.25,501596
341,2021-04-29,13973.5,14064.0,13818.5,13953.5,13953.5,595555
342,2021-04-30,13948.25,13956.75,13819.75,13850.0,13850.0,555237
343,2021-05-03,13880.25,13947.5,13772.0,13790.0,13790.0,473913
344,2021-05-04,13785.0,13792.5,13380.75,13536.0,13536.0,667316
345,2021-05-05,13525.75,13665.5,13462.75,13491.0,13491.0,520694
346,2021-05-06,13484.0,13611.5,13388.75,13597.75,13597.75,567452
347,2021-05-07,13614.5,13818.0,13588.25,13709.75,13709.75,550632
348,2021-05-10,13718.0,13752.0,13305.5,13356.75,13356.75,603725
349,2021-05-11,13316.5,13375.75,13065.25,13346.0,13346.0,787639
350,2021-05-12,13321.25,13351.75,12959.75,12998.5,12998.5,760916
351,2021-05-13,12968.75,13223.75,12915.0,13100.25,13100.25,727348
352,2021-05-14,13095.0,13426.25,13071.0,13387.0,13387.0,468758
353,2021-05-17,13380.25,13448.5,13182.75,13303.5,13303.5,488299
354,2021-05-18,13308.5,13432.25,13178.5,13212.0,13212.0,442088
355,2021-05-19,13182.0,13243.0,12954.25,13233.5,13233.5,669351
356,2021-05-20,13220.5,13522.75,13150.75,13486.5,13486.5,465782
357,2021-05-21,13492.5,13570.0,13395.75,13405.0,13405.0,457735
358,2021-05-24,13383.25,13686.0,13356.5,13635.25,13635.25,368611
359,2021-05-25,13656.5,13738.75,13606.75,13656.25,13656.25,436157
360,2021-05-26,13670.25,13728.5,13656.0,13700.25,13700.25,343069
361,2021-05-27,13702.5,13720.75,13620.25,13665.5,13665.5,388603
362,2021-05-28,13694.75,13763.5,13662.75,13686.5,13686.5,366218
363,2021-06-01,13699.0,13773.0,13592.25,13648.75,13648.75,448000
364,2021-06-02,13653.25,13712.75,13603.25,13673.75,13673.75,371449
365,2021-06-03,13679.5,13707.75,13462.25,13529.25,13529.25,552987
366,2021-06-04,13531.75,13783.75,13467.75,13766.75,13766.75,446994
367,2021-06-07,13773.25,13824.0,13691.5,13804.25,13804.25,397545
368,2021-06-08,13823.0,13917.25,13741.75,13811.5,13811.5,482546
369,2021-06-09,13813.0,13904.25,13803.5,13814.25,13814.25,376893
370,2021-06-10,13817.0,13976.5,13726.0,13959.75,13959.75,492336
371,2021-06-11,13975.5,13997.75,13932.25,13994.25,13994.25,257733
372,2021-06-14,13999.0,14133.5,13965.25,14124.75,14124.75,229733
373,2021-06-15,14119.5,14163.0,14009.25,14030.25,14030.25,178164
374,2021-06-16,14046.75,14103.75,13840.0,13981.25,13981.25,124322
375,2021-06-17,13948.5,14217.75,13850.25,14165.5,14165.5,113875
376,2021-06-18,14183.75,14214.25,14063.5,14107.4296875,14107.4296875,575363
377,2021-06-21,14022.75,14144.0,13958.5,14130.0,14130.0,503663
378,2021-06-22,14136.75,14279.25,14066.5,14258.25,14258.25,420968
379,2021-06-23,14274.0,14315.75,14231.75,14263.0,14263.0,366489
380,2021-06-24,14275.25,14422.0,14270.0,14354.25,14354.25,409864
381,2021-06-25,14365.75,14394.25,14313.25,14339.0,14339.0,379758
382,2021-06-28,14350.0,14519.75,14333.25,14512.5,14512.5,376860
383,2021-06-29,14504.5,14584.75,14468.75,14563.0,14563.0,360169
384,2021-06-30,14584.75,14598.5,14518.25,14549.0,14549.0,384458
385,2021-07-01,14558.5,14606.25,14471.0,14548.5,14548.5,436419
386,2021-07-02,14543.75,14729.0,14513.25,14713.75,14713.75,392168
387,2021-07-06,14704.25,14790.0,14625.25,14775.5,14775.5,557682
388,2021-07-07,14764.5,14883.75,14726.25,14802.25,14802.25,471450
389,2021-07-08,14812.0,14822.0,14540.5,14712.25,14712.25,631207
390,2021-07-09,14710.25,14832.0,14640.75,14810.5,14810.5,424770
391,2021-07-12,14824.0,14888.5,14785.0,14869.25,14869.25,362608
392,2021-07-13,14880.0,14994.75,14794.5,14865.0,14865.0,506392
393,2021-07-14,14869.75,14996.0,14841.25,14891.75,14891.75,499191
394,2021-07-15,14895.0,14962.75,14708.25,14787.5,14787.5,634785
395,2021-07-16,14778.5,14869.5,14656.0,14670.5,14670.5,539012
396,2021-07-19,14675.0,14682.5,14445.0,14540.75,14540.75,720291
397,2021-07-20,14593.75,14782.5,14516.75,14722.75,14722.75,529359
398,2021-07-21,14729.75,14839.5,14668.25,14827.75,14827.75,404345
399,2021-07-22,14836.75,14982.75,14826.75,14928.5,14928.5,425426
400,2021-07-23,14979.5,15117.25,14934.25,15098.0,15098.0,449261
401,2021-07-26,15098.0,15134.0,15038.75,15117.75,15117.75,391517
402,2021-07-27,15125.25,15131.5,14774.25,14947.75,14947.75,671793
403,2021-07-28,14875.75,15074.5,14866.0,15011.5,15011.5,577186
404,2021-07-29,14984.75,15084.0,14905.0,15037.75,15037.75,412593
405,2021-07-30,14905.25,14980.0,14811.25,14955.75,14955.75,505630
406,2021-08-02,14972.75,15056.25,14932.25,14952.75,14952.75,446142
407,2021-08-03,14962.25,15050.0,14849.0,15046.25,15046.25,520377
408,2021-08-04,15038.0,15108.0,14997.0,15073.5,15073.5,445703
409,2021-08-05,15081.75,15172.5,15069.25,15167.75,15167.75,341554
410,2021-08-06,15167.75,15169.75,15047.25,15095.5,15095.5,425074
411,2021-08-09,15090.25,15145.5,15003.25,15125.25,15125.25,361388
412,2021-08-10,15128.75,15157.25,14994.5,15044.5,15044.5,475298
413,2021-08-11,15045.0,15119.0,14963.0,15019.5,15019.5,479700
414,2021-08-12,15008.5,15090.5,14941.25,15078.5,15078.5,384239
415,2021-08-13,15079.75,15141.75,15055.25,15125.75,15125.75,364520
416,2021-08-16,15119.25,15139.0,14917.25,15134.0,15134.0,590789
417,2021-08-17,15131.5,15133.75,14897.0,14997.5,14997.5,687897
418,2021-08-18,14970.25,15037.25,14806.5,14849.25,14849.25,568846
419,2021-08-19,14840.0,14999.0,14710.5,14928.0,14928.0,734184
420,2021-08-20,14943.25,15100.0,14851.0,15086.75,15086.75,504460
421,2021-08-23,15090.0,15337.5,15086.5,15304.5,15304.5,412591
422,2021-08-24,15327.0,15384.0,15309.5,15355.5,15355.5,365577
423,2021-08-25,15362.25,15397.0,15333.0,15364.25,15364.25,405227
424,2021-08-26,15367.25,15368.25,15255.25,15274.75,15274.75,564382
425,2021-08-27,15286.0,15443.75,15265.5,15426.5,15426.5,441045
426,2021-08-30,15432.75,15617.75,15420.0,15597.5,15597.5,417563
427,2021-08-31,15605.5,15677.25,15517.75,15582.5,15582.5,521129
428,2021-09-01,15599.5,15699.0,15578.5,15609.25,15609.25,465488
429,2021-09-02,15610.0,15682.0,15551.75,15601.0,15601.0,463636
430,2021-09-03,15601.0,15677.5,15552.25,15651.5,15651.5,462870
431,2021-09-07,15656.0,15708.75,15606.75,15674.75,15674.75,542055
432,2021-09-08,15671.0,15691.0,15523.75,15620.0,15620.0,559402
433,2021-09-09,15610.0,15675.75,15545.75,15558.75,15558.75,531288
434,2021-09-10,15561.0,15668.0,15433.5,15441.5,15441.5,402816
435,2021-09-13,15452.5,15565.0,15350.25,15436.75,15436.75,363283
436,2021-09-14,15452.25,15530.75,15351.25,15387.0,15387.0,237816
437,2021-09-15,15395.5,15521.75,15315.25,15504.0,15504.0,156770
438,2021-09-16,15516.5,15542.0,15369.5,15517.75,15517.75,105428
439,2021-09-17,15502.75,15547.0,15474.0,15486.669921875,15486.669921875,641864
440,2021-09-20,15284.0,15338.25,14807.5,15009.5,15009.5,845911
441,2021-09-21,14992.0,15163.25,14963.25,15024.0,15024.0,659780
442,2021-09-22,14992.75,15227.0,14930.5,15163.5,15163.5,601005
443,2021-09-23,15178.25,15347.0,15175.25,15303.5,15303.5,514535
444,2021-09-24,15300.25,15334.25,15176.75,15318.75,15318.75,470511
445,2021-09-27,15319.0,15399.25,15084.0,15194.75,15194.75,543381
446,2021-09-28,15172.25,15192.25,14740.75,14764.75,14764.75,836785
447,2021-09-29,14769.25,14926.0,14711.0,14739.75,14739.75,649554
448,2021-09-30,14769.75,14883.5,14670.25,14682.5,14682.5,699372
449,2021-10-01,14702.25,14818.0,14537.0,14761.75,14761.75,663413
450,2021-10-04,14785.0,14835.0,14367.75,14462.25,14462.25,802849
451,2021-10-05,14493.75,14754.75,14410.5,14655.25,14655.25,574640
452,2021-10-06,14662.0,14770.0,14422.5,14759.0,14759.0,756883
453,2021-10-07,14768.0,15001.25,14767.0,14881.25,14881.25,492756
454,2021-10-08,14891.25,14996.0,14790.75,14808.25,14808.25,550607
455,2021-10-11,14810.25,14897.25,14677.0,14700.5,14700.5,510490
456,2021-10-12,14688.5,14783.25,14585.5,14653.25,14653.25,599367
457,2021-10-13,14594.0,14795.75,14591.0,14764.25,14764.25,556059
458,2021-10-14,14770.25,15071.5,14767.5,15037.25,15037.25,425055
459,2021-10-15,15063.75,15145.0,15020.75,15134.5,15134.5,442893
460,2021-10-18,15145.0,15297.25,15038.75,15290.5,15290.5,423424
461,2021-10-19,15289.75,15428.25,15269.0,15398.5,15398.5,384792
462,2021-10-20,15411.0,15446.5,15319.0,15377.5,15377.5,451735
463,2021-10-21,15357.5,15483.75,15301.0,15478.75,15478.75,436644
464,2021-10-22,15383.0,15463.5,15273.75,15341.0,15341.0,545390
465,2021-10-25,15324.25,15546.0,15295.75,15495.75,15495.75,456009
466,2021-10-26,15543.0,15701.0,15503.0,15545.0,15545.0,586099
467,2021-10-27,15532.25,15717.5,15507.25,15587.25,15587.25,534474
468,2021-10-28,15595.0,15777.0,15591.75,15764.75,15764.75,498210
469,2021-10-29,15679.75,15864.75,15595.5,15838.5,15838.5,484693
470,2021-11-01,15885.25,15914.75,15768.5,15894.25,15894.25,411507
471,2021-11-02,15891.0,15980.25,15849.5,15961.25,15961.25,418550
472,2021-11-03,15957.75,16145.75,15935.25,16129.75,16129.75,448135
473,2021-11-04,16129.5,16376.0,16129.5,16330.75,16330.75,524361
474,2021-11-05,16335.0,16448.5,16292.0,16351.75,16351.75,525824
475,2021-11-08,16293.0,16394.0,16256.0,16327.75,16327.75,414326
476,2021-11-09,16315.5,16391.75,16160.0,16212.75,16212.75,560749
477,2021-11-10,16201.25,16243.0,15896.5,15980.5,15980.5,658266
478,2021-11-11,15989.0,16114.0,15976.0,16022.75,16022.75,434778
479,2021-11-12,16043.75,16213.25,16001.75,16192.75,16192.75,422493
480,2021-11-15,16212.25,16276.5,16082.25,16187.75,16187.75,483873
481,2021-11-16,16198.5,16323.75,16142.0,16300.75,16300.75,424380
482,2021-11-17,16297.75,16396.5,16270.0,16311.5,16311.5,455992
483,2021-11-18,16322.5,16508.0,16303.5,16481.25,16481.25,602241
484,2021-11-19,16503.25,16628.5,16490.25,16575.0,16575.0,549031
485,2021-11-22,16600.25,16767.5,16364.5,16382.0,16382.0,770668
486,2021-11-23,16399.0,16418.75,16118.5,16312.0,16312.0,901449
487,2021-11-24,16300.25,16368.5,16102.0,16366.0,16366.0,656267
488,2021-11-25,16360.0,16436.0,16352.25,16404.5,16404.5,656267
489,2021-11-26,16360.0,16436.0,15988.0,16051.0,16051.0,680753
490,2021-11-29,16046.5,16437.75,16038.0,16390.75,16390.75,597936
491,2021-11-30,16419.0,16456.25,16068.75,16150.5,16150.5,854651
492,2021-12-01,16238.75,16427.5,15825.25,15869.75,15869.75,861888
493,2021-12-02,15891.75,16066.25,15762.75,15988.5,15988.5,853707
494,2021-12-03,16020.0,16121.75,15538.0,15717.75,15717.75,898849
495,2021-12-06,15716.25,15897.25,15559.25,15842.75,15842.75,695515
496,2021-12-07,15848.75,16374.5,15824.5,16318.0,16318.0,594627
497,2021-12-08,16360.5,16436.75,16251.5,16392.25,16392.25,494849
498,2021-12-09,16380.5,16420.0,16120.25,16148.75,16148.75,612576
499,2021-12-10,16158.5,16335.75,16133.75,16329.75,16329.75,395288
500,2021-12-13,16321.75,16411.25,16064.25,16082.0,16082.0,286177
501,2021-12-14,16085.0,16133.75,15738.5,15924.75,15924.75,274758
502,2021-12-15,15928.5,16302.5,15744.5,16288.0,16288.0,161710
503,2021-12-16,16288.5,16459.25,15800.25,15870.5,15870.5,143255
504,2021-12-17,15873.0,15902.0,15668.0,15717.3203125,15717.3203125,143255
